Time_id,Date,Day,Month,Year
1,2013-11-26,26,November,2013
2,2015-11-26,26,November,2015
3,2014-03-23,23,March,2014
4,2016-03-23,23,March,2016
5,2014-05-15,15,May,2014
6,2016-05-15,15,May,2016
7,2014-05-22,22,May,2014
8,2016-05-22,22,May,2016
9,2014-02-22,22,February,2014
10,2016-02-22,22,February,2016
11,2013-07-30,30,July,2013
12,2015-07-30,30,July,2015
13,2013-07-15,15,July,2013
14,2015-07-15,15,July,2015
15,2013-08-02,2,August,2013
16,2015-08-02,2,August,2015
17,2013-09-02,2,September,2013
18,2015-09-02,2,September,2015
19,2014-01-22,22,January,2014
20,2016-01-22,22,January,2016
21,2014-05-17,17,May,2014
22,2016-05-17,17,May,2016
23,2014-03-27,27,March,2014
24,2016-03-27,27,March,2016
25,2013-08-25,25,August,2013
26,2015-08-25,25,August,2015
27,2013-12-26,26,December,2013
28,2015-12-26,26,December,2015
29,2014-01-02,2,January,2014
30,2016-01-02,2,January,2016
31,2014-03-13,13,March,2014
32,2016-03-13,13,March,2016
33,2014-05-23,23,May,2014
34,2016-05-23,23,May,2016
35,2013-07-19,19,July,2013
36,2015-07-19,19,July,2015
37,2013-11-11,11,November,2013
38,2015-11-11,11,November,2015
39,2013-07-13,13,July,2013
40,2015-07-13,13,July,2015
41,2014-03-31,31,March,2014
42,2016-03-31,31,March,2016
43,2013-08-28,28,August,2013
44,2015-08-28,28,August,2015
45,2013-08-27,27,August,2013
46,2015-08-27,27,August,2015
47,2013-11-17,17,November,2013
48,2015-11-17,17,November,2015
49,2013-08-07,7,August,2013
50,2015-08-07,7,August,2015
51,2013-08-17,17,August,2013
52,2015-08-17,17,August,2015
53,2013-07-17,17,July,2013
54,2015-07-17,17,July,2015
55,2013-12-31,31,December,2013
56,2015-12-31,31,December,2015
57,2013-09-17,17,September,2013
58,2015-09-17,17,September,2015
59,2013-09-24,24,September,2013
60,2015-09-24,24,September,2015
61,2013-09-25,25,September,2013
62,2015-09-25,25,September,2015
63,2013-08-03,3,August,2013
64,2015-08-03,3,August,2015
65,2014-06-19,19,June,2014
66,2016-06-19,19,June,2016
67,2014-03-04,4,March,2014
68,2016-03-04,4,March,2016
69,2014-05-30,30,May,2014
70,2016-05-30,30,May,2016
71,2014-06-28,28,June,2014
72,2016-06-28,28,June,2016
73,2014-07-10,10,July,2014
74,2016-07-10,10,July,2016
75,2014-03-12,12,March,2014
76,2016-03-12,12,March,2016
77,2013-09-03,3,September,2013
78,2015-09-03,3,September,2015
79,2014-03-26,26,March,2014
80,2016-03-26,26,March,2016
81,2014-05-04,4,May,2014
82,2016-05-04,4,May,2016
83,2014-02-04,4,February,2014
84,2016-02-04,4,February,2016
85,2013-11-06,6,November,2013
86,2015-11-06,6,November,2015
87,2014-02-12,12,February,2014
88,2016-02-12,12,February,2016
89,2013-09-23,23,September,2013
90,2015-09-23,23,September,2015
91,2013-09-20,20,September,2013
92,2015-09-20,20,September,2015
93,2013-10-25,25,October,2013
94,2015-10-25,25,October,2015
95,2014-05-11,11,May,2014
96,2016-05-11,11,May,2016
97,2013-09-29,29,September,2013
98,2015-09-29,29,September,2015
99,2014-05-16,16,May,2014
100,2016-05-16,16,May,2016
101,2013-08-06,6,August,2013
102,2015-08-06,6,August,2015
103,2013-10-14,14,October,2013
104,2015-10-14,14,October,2015
105,2013-12-06,6,December,2013
106,2015-12-06,6,December,2015
107,2013-12-18,18,December,2013
108,2015-12-18,18,December,2015
109,2013-09-13,13,September,2013
110,2015-09-13,13,September,2015
111,2013-10-27,27,October,2013
112,2015-10-27,27,October,2015
113,2014-05-10,10,May,2014
114,2016-05-10,10,May,2016
115,2014-04-27,27,April,2014
116,2016-04-27,27,April,2016
117,2013-12-22,22,December,2013
118,2015-12-22,22,December,2015
119,2013-11-28,28,November,2013
120,2015-11-28,28,November,2015
121,2014-07-28,28,July,2014
122,2016-07-28,28,July,2016
123,2014-04-13,13,April,2014
124,2016-04-13,13,April,2016
125,2014-02-19,19,February,2014
126,2016-02-19,19,February,2016
127,2013-12-09,9,December,2013
128,2015-12-09,9,December,2015
129,2014-06-06,6,June,2014
130,2016-06-06,6,June,2016
131,2013-08-18,18,August,2013
132,2015-08-18,18,August,2015
133,2013-12-29,29,December,2013
134,2015-12-29,29,December,2015
135,2014-03-30,30,March,2014
136,2016-03-30,30,March,2016
137,2013-11-09,9,November,2013
138,2015-11-09,9,November,2015
139,2013-08-30,30,August,2013
140,2015-08-30,30,August,2015
141,2013-11-04,4,November,2013
142,2015-11-04,4,November,2015
143,2014-01-31,31,January,2014
144,2016-01-31,31,January,2016
145,2014-05-28,28,May,2014
146,2016-05-28,28,May,2016
147,2013-09-07,7,September,2013
148,2015-09-07,7,September,2015
149,2014-04-17,17,April,2014
150,2016-04-17,17,April,2016
151,2013-07-31,31,July,2013
152,2015-07-31,31,July,2015
153,2014-02-27,27,February,2014
154,2016-02-27,27,February,2016
155,2014-06-08,8,June,2014
156,2016-06-08,8,June,2016
157,2014-06-05,5,June,2014
158,2016-06-05,5,June,2016
159,2013-12-15,15,December,2013
160,2015-12-15,15,December,2015
161,2014-01-17,17,January,2014
162,2016-01-17,17,January,2016
163,2014-05-07,7,May,2014
164,2016-05-07,7,May,2016
165,2013-11-10,10,November,2013
166,2015-11-10,10,November,2015
167,2013-08-19,19,August,2013
168,2015-08-19,19,August,2015
169,2013-09-18,18,September,2013
170,2015-09-18,18,September,2015
171,2013-12-14,14,December,2013
172,2015-12-14,14,December,2015
173,2014-01-01,1,January,2014
174,2016-01-01,1,January,2016
175,2014-03-01,1,March,2014
176,2016-03-01,1,March,2016
177,2014-06-12,12,June,2014
178,2016-06-12,12,June,2016
179,2013-12-23,23,December,2013
180,2015-12-23,23,December,2015
181,2014-07-31,31,July,2014
182,2016-07-31,31,July,2016
183,2014-06-18,18,June,2014
184,2016-06-18,18,June,2016
185,2014-04-20,20,April,2014
186,2016-04-20,20,April,2016
187,2013-12-05,5,December,2013
188,2015-12-05,5,December,2015
189,2014-06-11,11,June,2014
190,2016-06-11,11,June,2016
191,2014-04-24,24,April,2014
192,2016-04-24,24,April,2016
193,2014-02-07,7,February,2014
194,2016-02-07,7,February,2016
195,2013-12-03,3,December,2013
196,2015-12-03,3,December,2015
197,2014-03-24,24,March,2014
198,2016-03-24,24,March,2016
199,2014-04-07,7,April,2014
200,2016-04-07,7,April,2016
201,2013-12-19,19,December,2013
202,2015-12-19,19,December,2015
203,2014-07-12,12,July,2014
204,2016-07-12,12,July,2016
205,2014-03-21,21,March,2014
206,2016-03-21,21,March,2016
207,2013-11-27,27,November,2013
208,2015-11-27,27,November,2015
209,2014-06-15,15,June,2014
210,2016-06-15,15,June,2016
211,2013-08-20,20,August,2013
212,2015-08-20,20,August,2015
213,2013-09-04,4,September,2013
214,2015-09-04,4,September,2015
215,2014-01-19,19,January,2014
216,2016-01-19,19,January,2016
217,2014-01-07,7,January,2014
218,2016-01-07,7,January,2016
219,2014-01-16,16,January,2014
220,2016-01-16,16,January,2016
221,2014-02-18,18,February,2014
222,2016-02-18,18,February,2016
223,2014-03-02,2,March,2014
224,2016-03-02,2,March,2016
225,2013-10-09,9,October,2013
226,2015-10-09,9,October,2015
227,2013-12-11,11,December,2013
228,2015-12-11,11,December,2015
229,2014-05-20,20,May,2014
230,2016-05-20,20,May,2016
231,2013-09-27,27,September,2013
232,2015-09-27,27,September,2015
233,2013-12-17,17,December,2013
234,2015-12-17,17,December,2015
235,2014-02-20,20,February,2014
236,2016-02-20,20,February,2016
237,2013-08-26,26,August,2013
238,2015-08-26,26,August,2015
239,2013-11-19,19,November,2013
240,2015-11-19,19,November,2015
241,2013-12-08,8,December,2013
242,2015-12-08,8,December,2015
243,2014-05-24,24,May,2014
244,2016-05-24,24,May,2016
245,2013-08-14,14,August,2013
246,2015-08-14,14,August,2015
247,2013-11-15,15,November,2013
248,2015-11-15,15,November,2015
249,2014-04-14,14,April,2014
250,2016-04-14,14,April,2016
251,2014-01-20,20,January,2014
252,2016-01-20,20,January,2016
253,2013-09-09,9,September,2013
254,2015-09-09,9,September,2015
255,2013-09-28,28,September,2013
256,2015-09-28,28,September,2015
257,2013-09-21,21,September,2013
258,2015-09-21,21,September,2015
259,2013-11-05,5,November,2013
260,2015-11-05,5,November,2015
261,2013-09-19,19,September,2013
262,2015-09-19,19,September,2015
263,2014-07-29,29,July,2014
264,2016-07-29,29,July,2016
265,2014-05-14,14,May,2014
266,2016-05-14,14,May,2016
267,2013-11-08,8,November,2013
268,2015-11-08,8,November,2015
269,2014-01-26,26,January,2014
270,2016-01-26,26,January,2016
271,2014-05-06,6,May,2014
272,2016-05-06,6,May,2016
273,2014-02-14,14,February,2014
274,2016-02-14,14,February,2016
275,2013-11-22,22,November,2013
276,2015-11-22,22,November,2015
277,2013-09-06,6,September,2013
278,2015-09-06,6,September,2015
279,2013-11-24,24,November,2013
280,2015-11-24,24,November,2015
281,2013-10-18,18,October,2013
282,2015-10-18,18,October,2015
283,2013-12-27,27,December,2013
284,2015-12-27,27,December,2015
285,2014-02-21,21,February,2014
286,2016-02-21,21,February,2016
287,2013-09-05,5,September,2013
288,2015-09-05,5,September,2015
289,2014-05-09,9,May,2014
290,2016-05-09,9,May,2016
291,2014-05-02,2,May,2014
292,2016-05-02,2,May,2016
293,2013-09-08,8,September,2013
294,2015-09-08,8,September,2015
295,2014-02-01,1,February,2014
296,2016-02-01,1,February,2016
297,2014-04-22,22,April,2014
298,2016-04-22,22,April,2016
299,2014-01-10,10,January,2014
300,2016-01-10,10,January,2016
301,2014-05-08,8,May,2014
302,2016-05-08,8,May,2016
303,2013-08-16,16,August,2013
304,2015-08-16,16,August,2015
305,2013-10-10,10,October,2013
306,2015-10-10,10,October,2015
307,2013-12-30,30,December,2013
308,2015-12-30,30,December,2015
309,2014-04-29,29,April,2014
310,2016-04-29,29,April,2016
311,2014-07-18,18,July,2014
312,2016-07-18,18,July,2016
313,2013-10-21,21,October,2013
314,2015-10-21,21,October,2015
315,2014-06-10,10,June,2014
316,2016-06-10,10,June,2016
317,2014-03-10,10,March,2014
318,2016-03-10,10,March,2016
319,2014-05-03,3,May,2014
320,2016-05-03,3,May,2016
321,2013-10-23,23,October,2013
322,2015-10-23,23,October,2015
323,2013-09-11,11,September,2013
324,2015-09-11,11,September,2015
325,2014-06-25,25,June,2014
326,2016-06-25,25,June,2016
327,2014-06-09,9,June,2014
328,2016-06-09,9,June,2016
329,2013-09-26,26,September,2013
330,2015-09-26,26,September,2015
331,2014-06-26,26,June,2014
332,2016-06-26,26,June,2016
333,2014-03-28,28,March,2014
334,2016-03-28,28,March,2016
335,2014-02-26,26,February,2014
336,2016-02-26,26,February,2016
337,2014-07-14,14,July,2014
338,2016-07-14,14,July,2016
339,2014-04-06,6,April,2014
340,2016-04-06,6,April,2016
341,2014-06-21,21,June,2014
342,2016-06-21,21,June,2016
343,2013-12-07,7,December,2013
344,2015-12-07,7,December,2015
345,2013-10-01,1,October,2013
346,2015-10-01,1,October,2015
347,2014-01-03,3,January,2014
348,2016-01-03,3,January,2016
349,2013-10-26,26,October,2013
350,2015-10-26,26,October,2015
351,2013-10-13,13,October,2013
352,2015-10-13,13,October,2015
353,2013-11-25,25,November,2013
354,2015-11-25,25,November,2015
355,2014-03-09,9,March,2014
356,2016-03-09,9,March,2016
357,2014-03-14,14,March,2014
358,2016-03-14,14,March,2016
359,2013-12-01,1,December,2013
360,2015-12-01,1,December,2015
361,2014-06-30,30,June,2014
362,2016-06-30,30,June,2016
363,2014-02-28,28,February,2014
364,2016-02-28,28,February,2016
365,2014-05-13,13,May,2014
366,2016-05-13,13,May,2016
367,2013-08-08,8,August,2013
368,2015-08-08,8,August,2015
369,2014-03-18,18,March,2014
370,2016-03-18,18,March,2016
371,2014-04-18,18,April,2014
372,2016-04-18,18,April,2016
373,2014-03-25,25,March,2014
374,2016-03-25,25,March,2016
375,2014-04-30,30,April,2014
376,2016-04-30,30,April,2016
377,2013-10-03,3,October,2013
378,2015-10-03,3,October,2015
379,2014-05-05,5,May,2014
380,2016-05-05,5,May,2016
381,2014-01-27,27,January,2014
382,2016-01-27,27,January,2016
383,2013-11-21,21,November,2013
384,2015-11-21,21,November,2015
385,2013-11-13,13,November,2013
386,2015-11-13,13,November,2015
387,2014-07-04,4,July,2014
388,2016-07-04,4,July,2016
389,2014-04-10,10,April,2014
390,2016-04-10,10,April,2016
391,2014-06-16,16,June,2014
392,2016-06-16,16,June,2016
393,2014-04-23,23,April,2014
394,2016-04-23,23,April,2016
395,2013-10-02,2,October,2013
396,2015-10-02,2,October,2015
397,2013-08-23,23,August,2013
398,2015-08-23,23,August,2015
399,2013-09-14,14,September,2013
400,2015-09-14,14,September,2015
401,2014-06-14,14,June,2014
402,2016-06-14,14,June,2016
403,2014-01-05,5,January,2014
404,2016-01-05,5,January,2016
405,2014-06-24,24,June,2014
406,2016-06-24,24,June,2016
407,2013-10-20,20,October,2013
408,2015-10-20,20,October,2015
409,2014-06-03,3,June,2014
410,2016-06-03,3,June,2016
411,2013-07-22,22,July,2013
412,2015-07-22,22,July,2015
413,2013-12-28,28,December,2013
414,2015-12-28,28,December,2015
415,2013-08-29,29,August,2013
416,2015-08-29,29,August,2015
417,2014-01-21,21,January,2014
418,2016-01-21,21,January,2016
419,2013-08-11,11,August,2013
420,2015-08-11,11,August,2015
421,2014-04-28,28,April,2014
422,2016-04-28,28,April,2016
423,2014-01-30,30,January,2014
424,2016-01-30,30,January,2016
425,2013-08-09,9,August,2013
426,2015-08-09,9,August,2015
427,2013-10-11,11,October,2013
428,2015-10-11,11,October,2015
429,2013-08-24,24,August,2013
430,2015-08-24,24,August,2015
431,2013-09-12,12,September,2013
432,2015-09-12,12,September,2015
433,2014-07-26,26,July,2014
434,2016-07-26,26,July,2016
435,2013-09-10,10,September,2013
436,2015-09-10,10,September,2015
437,2013-10-15,15,October,2013
438,2015-10-15,15,October,2015
439,2014-05-31,31,May,2014
440,2016-05-31,31,May,2016
441,2014-07-24,24,July,2014
442,2016-07-24,24,July,2016
443,2014-07-06,6,July,2014
444,2016-07-06,6,July,2016
445,2014-04-03,3,April,2014
446,2016-04-03,3,April,2016
447,2014-07-23,23,July,2014
448,2016-07-23,23,July,2016
449,2014-03-17,17,March,2014
450,2016-03-17,17,March,2016
451,2014-02-13,13,February,2014
452,2016-02-13,13,February,2016
453,2013-10-04,4,October,2013
454,2015-10-04,4,October,2015
455,2014-06-01,1,June,2014
456,2016-06-01,1,June,2016
457,2013-08-12,12,August,2013
458,2015-08-12,12,August,2015
459,2014-04-11,11,April,2014
460,2016-04-11,11,April,2016
461,2014-01-28,28,January,2014
462,2016-01-28,28,January,2016
463,2013-10-19,19,October,2013
464,2015-10-19,19,October,2015
465,2013-08-05,5,August,2013
466,2015-08-05,5,August,2015
467,2014-04-15,15,April,2014
468,2016-04-15,15,April,2016
469,2014-06-29,29,June,2014
470,2016-06-29,29,June,2016
471,2014-03-22,22,March,2014
472,2016-03-22,22,March,2016
473,2014-05-29,29,May,2014
474,2016-05-29,29,May,2016
475,2014-01-24,24,January,2014
476,2016-01-24,24,January,2016
477,2014-04-12,12,April,2014
478,2016-04-12,12,April,2016
479,2013-12-13,13,December,2013
480,2015-12-13,13,December,2015
481,2014-01-13,13,January,2014
482,2016-01-13,13,January,2016
483,2014-01-23,23,January,2014
484,2016-01-23,23,January,2016
485,2014-06-22,22,June,2014
486,2016-06-22,22,June,2016
487,2014-05-25,25,May,2014
488,2016-05-25,25,May,2016
489,2013-08-04,4,August,2013
490,2015-08-04,4,August,2015
491,2014-02-15,15,February,2014
492,2016-02-15,15,February,2016
493,2013-10-05,5,October,2013
494,2015-10-05,5,October,2015
495,2013-11-18,18,November,2013
496,2015-11-18,18,November,2015
497,2013-11-12,12,November,2013
498,2015-11-12,12,November,2015
499,2013-08-01,1,August,2013
500,2015-08-01,1,August,2015
501,2014-01-06,6,January,2014
502,2016-01-06,6,January,2016
503,2013-12-02,2,December,2013
504,2015-12-02,2,December,2015
505,2014-04-19,19,April,2014
506,2016-04-19,19,April,2016
507,2013-09-15,15,September,2013
508,2015-09-15,15,September,2015
509,2013-12-24,24,December,2013
510,2015-12-24,24,December,2015
511,2013-12-20,20,December,2013
512,2015-12-20,20,December,2015
513,2013-07-20,20,July,2013
514,2015-07-20,20,July,2015
515,2014-02-09,9,February,2014
516,2016-02-09,9,February,2016
517,2013-08-10,10,August,2013
518,2015-08-10,10,August,2015
519,2014-05-21,21,May,2014
520,2016-05-21,21,May,2016
521,2014-05-27,27,May,2014
522,2016-05-27,27,May,2016
523,2013-11-03,3,November,2013
524,2015-11-03,3,November,2015
525,2014-01-25,25,January,2014
526,2016-01-25,25,January,2016
527,2013-10-30,30,October,2013
528,2015-10-30,30,October,2015
529,2013-07-01,1,July,2013
530,2015-07-01,1,July,2015
531,2014-04-04,4,April,2014
532,2016-04-04,4,April,2016
533,2014-05-26,26,May,2014
534,2016-05-26,26,May,2016
535,2014-03-15,15,March,2014
536,2016-03-15,15,March,2016
537,2014-05-01,1,May,2014
538,2016-05-01,1,May,2016
539,2013-07-24,24,July,2013
540,2015-07-24,24,July,2015
541,2014-03-29,29,March,2014
542,2016-03-29,29,March,2016
543,2013-09-22,22,September,2013
544,2015-09-22,22,September,2015
545,2013-10-12,12,October,2013
546,2015-10-12,12,October,2015
547,2013-10-06,6,October,2013
548,2015-10-06,6,October,2015
549,2013-10-22,22,October,2013
550,2015-10-22,22,October,2015
551,2014-04-16,16,April,2014
552,2016-04-16,16,April,2016
553,2013-11-02,2,November,2013
554,2015-11-02,2,November,2015
555,2014-04-25,25,April,2014
556,2016-04-25,25,April,2016
557,2014-07-20,20,July,2014
558,2016-07-20,20,July,2016
559,2013-10-29,29,October,2013
560,2015-10-29,29,October,2015
561,2014-04-21,21,April,2014
562,2016-04-21,21,April,2016
563,2014-04-05,5,April,2014
564,2016-04-05,5,April,2016
565,2014-01-11,11,January,2014
566,2016-01-11,11,January,2016
567,2014-01-04,4,January,2014
568,2016-01-04,4,January,2016
569,2014-04-26,26,April,2014
570,2016-04-26,26,April,2016
571,2014-06-17,17,June,2014
572,2016-06-17,17,June,2016
573,2014-03-11,11,March,2014
574,2016-03-11,11,March,2016
575,2014-05-18,18,May,2014
576,2016-05-18,18,May,2016
577,2013-09-30,30,September,2013
578,2015-09-30,30,September,2015
579,2013-10-24,24,October,2013
580,2015-10-24,24,October,2015
581,2013-11-01,1,November,2013
582,2015-11-01,1,November,2015
583,2013-10-28,28,October,2013
584,2015-10-28,28,October,2015
585,2014-02-08,8,February,2014
586,2016-02-08,8,February,2016
587,2014-05-12,12,May,2014
588,2016-05-12,12,May,2016
589,2013-07-29,29,July,2013
590,2015-07-29,29,July,2015
591,2013-07-16,16,July,2013
592,2015-07-16,16,July,2015
593,2014-07-07,7,July,2014
594,2016-07-07,7,July,2016
595,2014-07-08,8,July,2014
596,2016-07-08,8,July,2016
597,2014-01-18,18,January,2014
598,2016-01-18,18,January,2016
599,2014-06-13,13,June,2014
600,2016-06-13,13,June,2016
601,2014-01-15,15,January,2014
602,2016-01-15,15,January,2016
603,2013-07-05,5,July,2013
604,2015-07-05,5,July,2015
605,2014-06-27,27,June,2014
606,2016-06-27,27,June,2016
607,2014-07-09,9,July,2014
608,2016-07-09,9,July,2016
609,2013-11-29,29,November,2013
610,2015-11-29,29,November,2015
611,2014-07-02,2,July,2014
612,2016-07-02,2,July,2016
613,2013-07-09,9,July,2013
614,2015-07-09,9,July,2015
615,2013-07-03,3,July,2013
616,2015-07-03,3,July,2015
617,2013-07-06,6,July,2013
618,2015-07-06,6,July,2015
619,2014-07-16,16,July,2014
620,2016-07-16,16,July,2016
621,2013-08-15,15,August,2013
622,2015-08-15,15,August,2015
623,2013-10-17,17,October,2013
624,2015-10-17,17,October,2015
625,2014-02-03,3,February,2014
626,2016-02-03,3,February,2016
627,2014-02-17,17,February,2014
628,2016-02-17,17,February,2016
629,2013-12-04,4,December,2013
630,2015-12-04,4,December,2015
631,2014-04-02,2,April,2014
632,2016-04-02,2,April,2016
633,2013-07-08,8,July,2013
634,2015-07-08,8,July,2015
635,2014-02-23,23,February,2014
636,2016-02-23,23,February,2016
637,2014-04-09,9,April,2014
638,2016-04-09,9,April,2016
639,2013-11-30,30,November,2013
640,2015-11-30,30,November,2015
641,2013-12-21,21,December,2013
642,2015-12-21,21,December,2015
643,2014-07-21,21,July,2014
644,2016-07-21,21,July,2016
645,2013-08-13,13,August,2013
646,2015-08-13,13,August,2015
647,2013-12-10,10,December,2013
648,2015-12-10,10,December,2015
649,2013-12-12,12,December,2013
650,2015-12-12,12,December,2015
651,2013-09-01,1,September,2013
652,2015-09-01,1,September,2015
653,2013-10-07,7,October,2013
654,2015-10-07,7,October,2015
655,2014-01-09,9,January,2014
656,2016-01-09,9,January,2016
657,2014-04-01,1,April,2014
658,2016-04-01,1,April,2016
659,2014-07-17,17,July,2014
660,2016-07-17,17,July,2016
661,2014-03-16,16,March,2014
662,2016-03-16,16,March,2016
663,2014-02-25,25,February,2014
664,2016-02-25,25,February,2016
665,2014-06-23,23,June,2014
666,2016-06-23,23,June,2016
667,2013-11-14,14,November,2013
668,2015-11-14,14,November,2015
669,2014-01-14,14,January,2014
670,2016-01-14,14,January,2016
671,2013-08-21,21,August,2013
672,2015-08-21,21,August,2015
673,2014-03-05,5,March,2014
674,2016-03-05,5,March,2016
675,2013-07-27,27,July,2013
676,2015-07-27,27,July,2015
677,2013-11-16,16,November,2013
678,2015-11-16,16,November,2015
679,2013-07-12,12,July,2013
680,2015-07-12,12,July,2015
681,2014-01-12,12,January,2014
682,2016-01-12,12,January,2016
683,2014-02-06,6,February,2014
684,2016-02-06,6,February,2016
685,2014-03-20,20,March,2014
686,2016-03-20,20,March,2016
687,2014-07-15,15,July,2014
688,2016-07-15,15,July,2016
689,2013-11-23,23,November,2013
690,2015-11-23,23,November,2015
691,2013-10-16,16,October,2013
692,2015-10-16,16,October,2015
693,2013-07-02,2,July,2013
694,2015-07-02,2,July,2015
695,2014-02-24,24,February,2014
696,2016-02-24,24,February,2016
697,2013-07-11,11,July,2013
698,2015-07-11,11,July,2015
699,2013-07-04,4,July,2013
700,2015-07-04,4,July,2015
701,2013-07-21,21,July,2013
702,2015-07-21,21,July,2015
703,2014-03-08,8,March,2014
704,2016-03-08,8,March,2016
705,2014-03-06,6,March,2014
706,2016-03-06,6,March,2016
707,2014-03-03,3,March,2014
708,2016-03-03,3,March,2016
709,2014-03-07,7,March,2014
710,2016-03-07,7,March,2016
711,2014-01-08,8,January,2014
712,2016-01-08,8,January,2016
713,2014-06-02,2,June,2014
714,2016-06-02,2,June,2016
715,2013-10-08,8,October,2013
716,2015-10-08,8,October,2015
717,2013-08-31,31,August,2013
718,2015-08-31,31,August,2015
719,2014-04-08,8,April,2014
720,2016-04-08,8,April,2016
721,2014-05-19,19,May,2014
722,2016-05-19,19,May,2016
723,2014-02-02,2,February,2014
724,2016-02-02,2,February,2016
725,2014-07-03,3,July,2014
726,2016-07-03,3,July,2016
727,2014-03-19,19,March,2014
728,2016-03-19,19,March,2016
729,2013-11-20,20,November,2013
730,2015-11-20,20,November,2015
731,2014-02-10,10,February,2014
732,2016-02-10,10,February,2016
733,2014-06-07,7,June,2014
734,2016-06-07,7,June,2016
735,2014-07-05,5,July,2014
736,2016-07-05,5,July,2016
737,2014-06-20,20,June,2014
738,2016-06-20,20,June,2016
739,2014-01-29,29,January,2014
740,2016-01-29,29,January,2016
741,2014-07-19,19,July,2014
742,2016-07-19,19,July,2016
743,2014-02-16,16,February,2014
744,2016-02-16,16,February,2016
745,2014-06-04,4,June,2014
746,2016-06-04,4,June,2016
747,2014-07-01,1,July,2014
748,2016-07-01,1,July,2016
749,2014-02-05,5,February,2014
750,2016-02-05,5,February,2016
751,2014-02-11,11,February,2014
752,2016-02-11,11,February,2016
753,2014-07-22,22,July,2014
754,2016-07-22,22,July,2016
755,2013-07-28,28,July,2013
756,2015-07-28,28,July,2015
757,2013-11-07,7,November,2013
758,2015-11-07,7,November,2015
759,2013-12-16,16,December,2013
760,2015-12-16,16,December,2015
761,2013-12-25,25,December,2013
762,2015-12-25,25,December,2015
763,2013-08-22,22,August,2013
764,2015-08-22,22,August,2015
765,2013-10-31,31,October,2013
766,2015-10-31,31,October,2015
767,2013-07-14,14,July,2013
768,2015-07-14,14,July,2015
769,2014-07-27,27,July,2014
770,2016-07-27,27,July,2016
771,2014-07-25,25,July,2014
772,2016-07-25,25,July,2016
773,2013-07-23,23,July,2013
774,2015-07-23,23,July,2015
775,2014-07-13,13,July,2014
776,2016-07-13,13,July,2016
777,2013-07-10,10,July,2013
778,2015-07-10,10,July,2015
779,2014-07-30,30,July,2014
780,2016-07-30,30,July,2016
781,2013-07-25,25,July,2013
782,2015-07-25,25,July,2015
783,2013-09-16,16,September,2013
784,2015-09-16,16,September,2015
785,2014-07-11,11,July,2014
786,2016-07-11,11,July,2016
787,2013-07-07,7,July,2013
788,2015-07-07,7,July,2015
789,2013-07-26,26,July,2013
790,2015-07-26,26,July,2015
791,2013-07-18,18,July,2013
792,2015-07-18,18,July,2015
793,2013-01-28,28,January,2013
794,2015-01-28,28,January,2015
795,2013-02-07,7,February,2013
796,2015-02-07,7,February,2015
797,2012-12-09,9,December,2012
798,2011-12-09,9,December,2011
799,2012-12-20,20,December,2012
800,2011-12-20,20,December,2011
801,2013-05-11,11,May,2013
802,2015-05-11,11,May,2015
803,2012-04-16,16,April,2012
804,2011-04-16,16,April,2011
805,2013-03-20,20,March,2013
806,2015-03-20,20,March,2015
807,2013-03-13,13,March,2013
808,2015-03-13,13,March,2015
809,2012-10-23,23,October,2012
810,2011-10-23,23,October,2011
811,2013-02-25,25,February,2013
812,2015-02-25,25,February,2015
813,2013-04-20,20,April,2013
814,2015-04-20,20,April,2015
815,2012-05-11,11,May,2012
816,2011-05-11,11,May,2011
817,2012-05-25,25,May,2012
818,2011-05-25,25,May,2011
819,2012-12-28,28,December,2012
820,2011-12-28,28,December,2011
821,2012-10-26,26,October,2012
822,2011-10-26,26,October,2011
823,2012-07-25,25,July,2012
824,2011-07-25,25,July,2011
825,2012-11-24,24,November,2012
826,2011-11-24,24,November,2011
827,2013-04-02,2,April,2013
828,2015-04-02,2,April,2015
829,2012-11-25,25,November,2012
830,2011-11-25,25,November,2011
831,2013-01-13,13,January,2013
832,2015-01-13,13,January,2015
833,2013-01-15,15,January,2013
834,2015-01-15,15,January,2015
835,2013-03-23,23,March,2013
836,2015-03-23,23,March,2015
837,2013-06-17,17,June,2013
838,2015-06-17,17,June,2015
839,2013-06-30,30,June,2013
840,2015-06-30,30,June,2015
841,2013-02-02,2,February,2013
842,2015-02-02,2,February,2015
843,2012-12-19,19,December,2012
844,2011-12-19,19,December,2011
845,2013-03-29,29,March,2013
846,2015-03-29,29,March,2015
847,2012-04-17,17,April,2012
848,2011-04-17,17,April,2011
849,2012-04-25,25,April,2012
850,2011-04-25,25,April,2011
851,2013-03-31,31,March,2013
852,2015-03-31,31,March,2015
853,2012-04-13,13,April,2012
854,2011-04-13,13,April,2011
855,2013-04-10,10,April,2013
856,2015-04-10,10,April,2015
857,2013-04-30,30,April,2013
858,2015-04-30,30,April,2015
859,2013-04-25,25,April,2013
860,2015-04-25,25,April,2015
861,2012-06-30,30,June,2012
862,2011-06-30,30,June,2011
863,2012-07-11,11,July,2012
864,2011-07-11,11,July,2011
865,2012-07-18,18,July,2012
866,2011-07-18,18,July,2011
867,2013-02-14,14,February,2013
868,2015-02-14,14,February,2015
869,2013-04-16,16,April,2013
870,2015-04-16,16,April,2015
871,2013-05-10,10,May,2013
872,2015-05-10,10,May,2015
873,2013-05-07,7,May,2013
874,2015-05-07,7,May,2015
875,2013-05-01,1,May,2013
876,2015-05-01,1,May,2015
877,2013-05-21,21,May,2013
878,2015-05-21,21,May,2015
879,2012-05-08,8,May,2012
880,2011-05-08,8,May,2011
881,2013-05-08,8,May,2013
882,2015-05-08,8,May,2015
883,2012-06-12,12,June,2012
884,2011-06-12,12,June,2011
885,2012-06-23,23,June,2012
886,2011-06-23,23,June,2011
887,2013-06-13,13,June,2013
888,2015-06-13,13,June,2015
889,2013-06-05,5,June,2013
890,2015-06-05,5,June,2015
891,2013-06-02,2,June,2013
892,2015-06-02,2,June,2015
893,2012-06-26,26,June,2012
894,2011-06-26,26,June,2011
895,2013-02-13,13,February,2013
896,2015-02-13,13,February,2015
897,2012-08-27,27,August,2012
898,2011-08-27,27,August,2011
899,2012-01-17,17,January,2012
900,2011-01-17,17,January,2011
901,2012-01-29,29,January,2012
902,2011-01-29,29,January,2011
903,2012-07-31,31,July,2012
904,2011-07-31,31,July,2011
905,2012-08-07,7,August,2012
906,2011-08-07,7,August,2011
907,2013-01-03,3,January,2013
908,2015-01-03,3,January,2015
909,2012-01-15,15,January,2012
910,2011-01-15,15,January,2011
911,2012-01-01,1,January,2012
912,2011-01-01,1,January,2011
913,2013-02-08,8,February,2013
914,2015-02-08,8,February,2015
915,2013-02-18,18,February,2013
916,2015-02-18,18,February,2015
917,2012-01-21,21,January,2012
918,2011-01-21,21,January,2011
919,2012-01-31,31,January,2012
920,2011-01-31,31,January,2011
921,2012-08-24,24,August,2012
922,2011-08-24,24,August,2011
923,2012-09-13,13,September,2012
924,2011-09-13,13,September,2011
925,2012-09-18,18,September,2012
926,2011-09-18,18,September,2011
927,2013-01-02,2,January,2013
928,2015-01-02,2,January,2015
929,2013-01-26,26,January,2013
930,2015-01-26,26,January,2015
931,2013-04-24,24,April,2013
932,2015-04-24,24,April,2015
933,2013-06-08,8,June,2013
934,2015-06-08,8,June,2015
935,2012-07-05,5,July,2012
936,2011-07-05,5,July,2011
937,2012-08-14,14,August,2012
938,2011-08-14,14,August,2011
939,2012-09-29,29,September,2012
940,2011-09-29,29,September,2011
941,2013-02-24,24,February,2013
942,2015-02-24,24,February,2015
943,2013-04-08,8,April,2013
944,2015-04-08,8,April,2015
945,2012-09-26,26,September,2012
946,2011-09-26,26,September,2011
947,2013-06-15,15,June,2013
948,2015-06-15,15,June,2015
949,2013-06-12,12,June,2013
950,2015-06-12,12,June,2015
951,2013-06-18,18,June,2013
952,2015-06-18,18,June,2015
953,2013-06-24,24,June,2013
954,2015-06-24,24,June,2015
955,2013-02-06,6,February,2013
956,2015-02-06,6,February,2015
957,2012-09-12,12,September,2012
958,2011-09-12,12,September,2011
959,2012-09-09,9,September,2012
960,2011-09-09,9,September,2011
961,2012-11-14,14,November,2012
962,2011-11-14,14,November,2011
963,2013-06-14,14,June,2013
964,2015-06-14,14,June,2015
965,2012-08-09,9,August,2012
966,2011-08-09,9,August,2011
967,2013-06-29,29,June,2013
968,2015-06-29,29,June,2015
969,2013-05-24,24,May,2013
970,2015-05-24,24,May,2015
971,2012-10-06,6,October,2012
972,2011-10-06,6,October,2011
973,2013-05-09,9,May,2013
974,2015-05-09,9,May,2015
975,2012-03-08,8,March,2012
976,2011-03-08,8,March,2011
977,2012-12-11,11,December,2012
978,2011-12-11,11,December,2011
979,2013-02-09,9,February,2013
980,2015-02-09,9,February,2015
981,2012-01-08,8,January,2012
982,2011-01-08,8,January,2011
983,2012-03-07,7,March,2012
984,2011-03-07,7,March,2011
985,2012-09-15,15,September,2012
986,2011-09-15,15,September,2011
987,2013-01-17,17,January,2013
988,2015-01-17,17,January,2015
989,2013-03-25,25,March,2013
990,2015-03-25,25,March,2015
991,2013-03-28,28,March,2013
992,2015-03-28,28,March,2015
993,2013-05-14,14,May,2013
994,2015-05-14,14,May,2015
995,2012-02-05,5,February,2012
996,2011-02-05,5,February,2011
997,2013-01-09,9,January,2013
998,2015-01-09,9,January,2015
999,2013-02-17,17,February,2013
1000,2015-02-17,17,February,2015
1001,2013-02-19,19,February,2013
1002,2015-02-19,19,February,2015
1003,2013-02-21,21,February,2013
1004,2015-02-21,21,February,2015
1005,2013-05-20,20,May,2013
1006,2015-05-20,20,May,2015
1007,2012-12-23,23,December,2012
1008,2011-12-23,23,December,2011
1009,2012-05-13,13,May,2012
1010,2011-05-13,13,May,2011
1011,2012-05-23,23,May,2012
1012,2011-05-23,23,May,2011
1013,2012-05-24,24,May,2012
1014,2011-05-24,24,May,2011
1015,2012-12-14,14,December,2012
1016,2011-12-14,14,December,2011
1017,2012-01-14,14,January,2012
1018,2011-01-14,14,January,2011
1019,2012-01-28,28,January,2012
1020,2011-01-28,28,January,2011
1021,2012-03-13,13,March,2012
1022,2011-03-13,13,March,2011
1023,2012-04-20,20,April,2012
1024,2011-04-20,20,April,2011
1025,2012-10-02,2,October,2012
1026,2011-10-02,2,October,2011
1027,2013-03-12,12,March,2013
1028,2015-03-12,12,March,2015
1029,2012-03-20,20,March,2012
1030,2011-03-20,20,March,2011
1031,2012-10-18,18,October,2012
1032,2011-10-18,18,October,2011
1033,2013-01-05,5,January,2013
1034,2015-01-05,5,January,2015
1035,2013-05-22,22,May,2013
1036,2015-05-22,22,May,2015
1037,2012-04-29,29,April,2012
1038,2011-04-29,29,April,2011
1039,2012-05-19,19,May,2012
1040,2011-05-19,19,May,2011
1041,2012-10-07,7,October,2012
1042,2011-10-07,7,October,2011
1043,2012-10-29,29,October,2012
1044,2011-10-29,29,October,2011
1045,2012-12-13,13,December,2012
1046,2011-12-13,13,December,2011
1047,2012-04-04,4,April,2012
1048,2011-04-04,4,April,2011
1049,2012-10-19,19,October,2012
1050,2011-10-19,19,October,2011
1051,2012-04-03,3,April,2012
1052,2011-04-03,3,April,2011
1053,2013-01-08,8,January,2013
1054,2015-01-08,8,January,2015
1055,2013-05-28,28,May,2013
1056,2015-05-28,28,May,2015
1057,2012-04-07,7,April,2012
1058,2011-04-07,7,April,2011
1059,2012-06-05,5,June,2012
1060,2011-06-05,5,June,2011
1061,2013-05-05,5,May,2013
1062,2015-05-05,5,May,2015
1063,2013-06-23,23,June,2013
1064,2015-06-23,23,June,2015
1065,2013-04-09,9,April,2013
1066,2015-04-09,9,April,2015
1067,2012-11-28,28,November,2012
1068,2011-11-28,28,November,2011
1069,2012-04-21,21,April,2012
1070,2011-04-21,21,April,2011
1071,2012-05-20,20,May,2012
1072,2011-05-20,20,May,2011
1073,2012-06-09,9,June,2012
1074,2011-06-09,9,June,2011
1075,2012-05-16,16,May,2012
1076,2011-05-16,16,May,2011
1077,2012-12-12,12,December,2012
1078,2011-12-12,12,December,2011
1079,2012-12-31,31,December,2012
1080,2011-12-31,31,December,2011
1081,2012-05-07,7,May,2012
1082,2011-05-07,7,May,2011
1083,2013-02-10,10,February,2013
1084,2015-02-10,10,February,2015
1085,2013-03-08,8,March,2013
1086,2015-03-08,8,March,2015
1087,2012-06-03,3,June,2012
1088,2011-06-03,3,June,2011
1089,2012-06-11,11,June,2012
1090,2011-06-11,11,June,2011
1091,2012-06-10,10,June,2012
1092,2011-06-10,10,June,2011
1093,2012-06-29,29,June,2012
1094,2011-06-29,29,June,2011
1095,2012-10-21,21,October,2012
1096,2011-10-21,21,October,2011
1097,2012-01-22,22,January,2012
1098,2011-01-22,22,January,2011
1099,2012-08-13,13,August,2012
1100,2011-08-13,13,August,2011
1101,2013-06-19,19,June,2013
1102,2015-06-19,19,June,2015
1103,2012-11-02,2,November,2012
1104,2011-11-02,2,November,2011
1105,2012-11-26,26,November,2012
1106,2011-11-26,26,November,2011
1107,2012-04-05,5,April,2012
1108,2011-04-05,5,April,2011
1109,2012-11-09,9,November,2012
1110,2011-11-09,9,November,2011
1111,2012-04-22,22,April,2012
1112,2011-04-22,22,April,2011
1113,2013-01-14,14,January,2013
1114,2015-01-14,14,January,2015
1115,2012-09-16,16,September,2012
1116,2011-09-16,16,September,2011
1117,2012-12-24,24,December,2012
1118,2011-12-24,24,December,2011
1119,2012-03-29,29,March,2012
1120,2011-03-29,29,March,2011
1121,2012-12-22,22,December,2012
1122,2011-12-22,22,December,2011
1123,2012-12-05,5,December,2012
1124,2011-12-05,5,December,2011
1125,2012-06-18,18,June,2012
1126,2011-06-18,18,June,2011
1127,2012-06-07,7,June,2012
1128,2011-06-07,7,June,2011
1129,2012-06-27,27,June,2012
1130,2011-06-27,27,June,2011
1131,2013-02-12,12,February,2013
1132,2015-02-12,12,February,2015
1133,2012-12-18,18,December,2012
1134,2011-12-18,18,December,2011
1135,2012-01-03,3,January,2012
1136,2011-01-03,3,January,2011
1137,2012-10-04,4,October,2012
1138,2011-10-04,4,October,2011
1139,2012-10-13,13,October,2012
1140,2011-10-13,13,October,2011
1141,2013-01-16,16,January,2013
1142,2015-01-16,16,January,2015
1143,2013-01-24,24,January,2013
1144,2015-01-24,24,January,2015
1145,2012-11-21,21,November,2012
1146,2011-11-21,21,November,2011
1147,2013-02-22,22,February,2013
1148,2015-02-22,22,February,2015
1149,2012-11-10,10,November,2012
1150,2011-11-10,10,November,2011
1151,2013-03-02,2,March,2013
1152,2015-03-02,2,March,2015
1153,2012-02-13,13,February,2012
1154,2011-02-13,13,February,2011
1155,2012-12-29,29,December,2012
1156,2011-12-29,29,December,2011
1157,2012-07-16,16,July,2012
1158,2011-07-16,16,July,2011
1159,2012-07-26,26,July,2012
1160,2011-07-26,26,July,2011
1161,2013-04-12,12,April,2013
1162,2015-04-12,12,April,2015
1163,2012-07-06,6,July,2012
1164,2011-07-06,6,July,2011
1165,2012-07-09,9,July,2012
1166,2011-07-09,9,July,2011
1167,2012-01-16,16,January,2012
1168,2011-01-16,16,January,2011
1169,2013-05-27,27,May,2013
1170,2015-05-27,27,May,2015
1171,2013-06-28,28,June,2013
1172,2015-06-28,28,June,2015
1173,2012-03-11,11,March,2012
1174,2011-03-11,11,March,2011
1175,2012-12-26,26,December,2012
1176,2011-12-26,26,December,2011
1177,2012-12-30,30,December,2012
1178,2011-12-30,30,December,2011
1179,2013-04-14,14,April,2013
1180,2015-04-14,14,April,2015
1181,2013-02-03,3,February,2013
1182,2015-02-03,3,February,2015
1183,2013-04-11,11,April,2013
1184,2015-04-11,11,April,2015
1185,2012-04-12,12,April,2012
1186,2011-04-12,12,April,2011
1187,2012-07-03,3,July,2012
1188,2011-07-03,3,July,2011
1189,2013-02-16,16,February,2013
1190,2015-02-16,16,February,2015
1191,2012-06-04,4,June,2012
1192,2011-06-04,4,June,2011
1193,2013-01-07,7,January,2013
1194,2015-01-07,7,January,2015
1195,2013-03-07,7,March,2013
1196,2015-03-07,7,March,2015
1197,2013-03-18,18,March,2013
1198,2015-03-18,18,March,2015
1199,2013-03-22,22,March,2013
1200,2015-03-22,22,March,2015
1201,2013-03-17,17,March,2013
1202,2015-03-17,17,March,2015
1203,2013-04-01,1,April,2013
1204,2015-04-01,1,April,2015
1205,2012-11-11,11,November,2012
1206,2011-11-11,11,November,2011
1207,2012-02-08,8,February,2012
1208,2011-02-08,8,February,2011
1209,2012-08-06,6,August,2012
1210,2011-08-06,6,August,2011
1211,2013-01-11,11,January,2013
1212,2015-01-11,11,January,2015
1213,2013-04-04,4,April,2013
1214,2015-04-04,4,April,2015
1215,2012-07-01,1,July,2012
1216,2011-07-01,1,July,2011
1217,2012-06-08,8,June,2012
1218,2011-06-08,8,June,2011
1219,2012-07-07,7,July,2012
1220,2011-07-07,7,July,2011
1221,2012-08-18,18,August,2012
1222,2011-08-18,18,August,2011
1223,2012-12-08,8,December,2012
1224,2011-12-08,8,December,2011
1225,2012-08-30,30,August,2012
1226,2011-08-30,30,August,2011
1227,2012-08-10,10,August,2012
1228,2011-08-10,10,August,2011
1229,2012-08-31,31,August,2012
1230,2011-08-31,31,August,2011
1231,2013-01-21,21,January,2013
1232,2015-01-21,21,January,2015
1233,2012-06-20,20,June,2012
1234,2011-06-20,20,June,2011
1235,2012-08-01,1,August,2012
1236,2011-08-01,1,August,2011
1237,2012-08-22,22,August,2012
1238,2011-08-22,22,August,2011
1239,2013-04-15,15,April,2013
1240,2015-04-15,15,April,2015
1241,2012-07-14,14,July,2012
1242,2011-07-14,14,July,2011
1243,2013-04-18,18,April,2013
1244,2015-04-18,18,April,2015
1245,2012-02-22,22,February,2012
1246,2011-02-22,22,February,2011
1247,2012-08-04,4,August,2012
1248,2011-08-04,4,August,2011
1249,2012-07-13,13,July,2012
1250,2011-07-13,13,July,2011
1251,2012-08-26,26,August,2012
1252,2011-08-26,26,August,2011
1253,2013-02-15,15,February,2013
1254,2015-02-15,15,February,2015
1255,2012-08-21,21,August,2012
1256,2011-08-21,21,August,2011
1257,2012-01-11,11,January,2012
1258,2011-01-11,11,January,2011
1259,2012-08-29,29,August,2012
1260,2011-08-29,29,August,2011
1261,2012-09-24,24,September,2012
1262,2011-09-24,24,September,2011
1263,2013-01-22,22,January,2013
1264,2015-01-22,22,January,2015
1265,2013-03-04,4,March,2013
1266,2015-03-04,4,March,2015
1267,2013-04-26,26,April,2013
1268,2015-04-26,26,April,2015
1269,2013-06-11,11,June,2013
1270,2015-06-11,11,June,2015
1271,2012-07-12,12,July,2012
1272,2011-07-12,12,July,2011
1273,2012-09-03,3,September,2012
1274,2011-09-03,3,September,2011
1275,2012-10-20,20,October,2012
1276,2011-10-20,20,October,2011
1277,2012-10-30,30,October,2012
1278,2011-10-30,30,October,2011
1279,2013-04-07,7,April,2013
1280,2015-04-07,7,April,2015
1281,2012-10-01,1,October,2012
1282,2011-10-01,1,October,2011
1283,2012-07-30,30,July,2012
1284,2011-07-30,30,July,2011
1285,2013-04-13,13,April,2013
1286,2015-04-13,13,April,2015
1287,2013-05-31,31,May,2013
1288,2015-05-31,31,May,2015
1289,2013-05-13,13,May,2013
1290,2015-05-13,13,May,2015
1291,2013-05-23,23,May,2013
1292,2015-05-23,23,May,2015
1293,2012-08-19,19,August,2012
1294,2011-08-19,19,August,2011
1295,2013-05-19,19,May,2013
1296,2015-05-19,19,May,2015
1297,2013-06-27,27,June,2013
1298,2015-06-27,27,June,2015
1299,2013-03-05,5,March,2013
1300,2015-03-05,5,March,2015
1301,2012-09-08,8,September,2012
1302,2011-09-08,8,September,2011
1303,2012-09-11,11,September,2012
1304,2011-09-11,11,September,2011
1305,2013-04-05,5,April,2013
1306,2015-04-05,5,April,2015
1307,2012-07-08,8,July,2012
1308,2011-07-08,8,July,2011
1309,2012-07-21,21,July,2012
1310,2011-07-21,21,July,2011
1311,2012-03-24,24,March,2012
1312,2011-03-24,24,March,2011
1313,2012-03-25,25,March,2012
1314,2011-03-25,25,March,2011
1315,2012-03-17,17,March,2012
1316,2011-03-17,17,March,2011
1317,2012-03-01,1,March,2012
1318,2011-03-01,1,March,2011
1319,2012-10-11,11,October,2012
1320,2011-10-11,11,October,2011
1321,2012-03-22,22,March,2012
1322,2011-03-22,22,March,2011
1323,2012-10-25,25,October,2012
1324,2011-10-25,25,October,2011
1325,2013-06-20,20,June,2013
1326,2015-06-20,20,June,2015
1327,2012-10-03,3,October,2012
1328,2011-10-03,3,October,2011
1329,2013-06-06,6,June,2013
1330,2015-06-06,6,June,2015
1331,2013-05-12,12,May,2013
1332,2015-05-12,12,May,2015
1333,2012-04-23,23,April,2012
1334,2011-04-23,23,April,2011
1335,2012-10-10,10,October,2012
1336,2011-10-10,10,October,2011
1337,2012-10-24,24,October,2012
1338,2011-10-24,24,October,2011
1339,2012-11-20,20,November,2012
1340,2011-11-20,20,November,2011
1341,2013-03-30,30,March,2013
1342,2015-03-30,30,March,2015
1343,2012-05-06,6,May,2012
1344,2011-05-06,6,May,2011
1345,2013-02-01,1,February,2013
1346,2015-02-01,1,February,2015
1347,2013-03-01,1,March,2013
1348,2015-03-01,1,March,2015
1349,2012-12-06,6,December,2012
1350,2011-12-06,6,December,2011
1351,2012-12-10,10,December,2012
1352,2011-12-10,10,December,2011
1353,2012-12-16,16,December,2012
1354,2011-12-16,16,December,2011
1355,2012-10-16,16,October,2012
1356,2011-10-16,16,October,2011
1357,2013-01-31,31,January,2013
1358,2015-01-31,31,January,2015
1359,2012-11-16,16,November,2012
1360,2011-11-16,16,November,2011
1361,2013-06-10,10,June,2013
1362,2015-06-10,10,June,2015
1363,2012-06-06,6,June,2012
1364,2011-06-06,6,June,2011
1365,2013-06-09,9,June,2013
1366,2015-06-09,9,June,2015
1367,2012-08-17,17,August,2012
1368,2011-08-17,17,August,2011
1369,2013-04-28,28,April,2013
1370,2015-04-28,28,April,2015
1371,2012-05-17,17,May,2012
1372,2011-05-17,17,May,2011
1373,2013-03-11,11,March,2013
1374,2015-03-11,11,March,2015
1375,2013-03-19,19,March,2013
1376,2015-03-19,19,March,2015
1377,2013-03-16,16,March,2013
1378,2015-03-16,16,March,2015
1379,2013-01-12,12,January,2013
1380,2015-01-12,12,January,2015
1381,2013-04-27,27,April,2013
1382,2015-04-27,27,April,2015
1383,2013-01-23,23,January,2013
1384,2015-01-23,23,January,2015
1385,2012-01-27,27,January,2012
1386,2011-01-27,27,January,2011
1387,2012-09-14,14,September,2012
1388,2011-09-14,14,September,2011
1389,2013-03-27,27,March,2013
1390,2015-03-27,27,March,2015
1391,2013-01-20,20,January,2013
1392,2015-01-20,20,January,2015
1393,2013-01-30,30,January,2013
1394,2015-01-30,30,January,2015
1395,2012-08-05,5,August,2012
1396,2011-08-05,5,August,2011
1397,2012-12-21,21,December,2012
1398,2011-12-21,21,December,2011
1399,2012-12-03,3,December,2012
1400,2011-12-03,3,December,2011
1401,2013-06-22,22,June,2013
1402,2015-06-22,22,June,2015
1403,2013-06-26,26,June,2013
1404,2015-06-26,26,June,2015
1405,2013-05-04,4,May,2013
1406,2015-05-04,4,May,2015
1407,2012-05-05,5,May,2012
1408,2011-05-05,5,May,2011
1409,2013-05-06,6,May,2013
1410,2015-05-06,6,May,2015
1411,2013-06-04,4,June,2013
1412,2015-06-04,4,June,2015
1413,2012-09-20,20,September,2012
1414,2011-09-20,20,September,2011
1415,2013-05-26,26,May,2013
1416,2015-05-26,26,May,2015
1417,2013-02-05,5,February,2013
1418,2015-02-05,5,February,2015
1419,2013-03-03,3,March,2013
1420,2015-03-03,3,March,2015
1421,2013-06-21,21,June,2013
1422,2015-06-21,21,June,2015
1423,2013-01-10,10,January,2013
1424,2015-01-10,10,January,2015
1425,2013-05-02,2,May,2013
1426,2015-05-02,2,May,2015
1427,2013-01-18,18,January,2013
1428,2015-01-18,18,January,2015
1429,2012-04-15,15,April,2012
1430,2011-04-15,15,April,2011
1431,2012-05-27,27,May,2012
1432,2011-05-27,27,May,2011
1433,2013-01-19,19,January,2013
1434,2015-01-19,19,January,2015
1435,2013-03-10,10,March,2013
1436,2015-03-10,10,March,2015
1437,2012-07-27,27,July,2012
1438,2011-07-27,27,July,2011
1439,2012-04-24,24,April,2012
1440,2011-04-24,24,April,2011
1441,2012-04-27,27,April,2012
1442,2011-04-27,27,April,2011
1443,2012-05-04,4,May,2012
1444,2011-05-04,4,May,2011
1445,2013-02-11,11,February,2013
1446,2015-02-11,11,February,2015
1447,2012-12-27,27,December,2012
1448,2011-12-27,27,December,2011
1449,2013-06-25,25,June,2013
1450,2015-06-25,25,June,2015
1451,2012-03-06,6,March,2012
1452,2011-03-06,6,March,2011
1453,2013-02-20,20,February,2013
1454,2015-02-20,20,February,2015
1455,2013-02-28,28,February,2013
1456,2015-02-28,28,February,2015
1457,2012-01-26,26,January,2012
1458,2011-01-26,26,January,2011
1459,2012-11-08,8,November,2012
1460,2011-11-08,8,November,2011
1461,2013-02-04,4,February,2013
1462,2015-02-04,4,February,2015
1463,2012-06-14,14,June,2012
1464,2011-06-14,14,June,2011
1465,2012-01-04,4,January,2012
1466,2011-01-04,4,January,2011
1467,2012-11-17,17,November,2012
1468,2011-11-17,17,November,2011
1469,2013-06-07,7,June,2013
1470,2015-06-07,7,June,2015
1471,2012-11-30,30,November,2012
1472,2011-11-30,30,November,2011
1473,2012-07-20,20,July,2012
1474,2011-07-20,20,July,2011
1475,2013-03-09,9,March,2013
1476,2015-03-09,9,March,2015
1477,2012-04-30,30,April,2012
1478,2011-04-30,30,April,2011
1479,2013-03-26,26,March,2013
1480,2015-03-26,26,March,2015
1481,2012-07-17,17,July,2012
1482,2011-07-17,17,July,2011
1483,2013-03-14,14,March,2013
1484,2015-03-14,14,March,2015
1485,2012-11-19,19,November,2012
1486,2011-11-19,19,November,2011
1487,2012-12-17,17,December,2012
1488,2011-12-17,17,December,2011
1489,2012-07-04,4,July,2012
1490,2011-07-04,4,July,2011
1491,2012-12-07,7,December,2012
1492,2011-12-07,7,December,2011
1493,2012-06-21,21,June,2012
1494,2011-06-21,21,June,2011
1495,2012-12-02,2,December,2012
1496,2011-12-02,2,December,2011
1497,2012-03-15,15,March,2012
1498,2011-03-15,15,March,2011
1499,2012-10-14,14,October,2012
1500,2011-10-14,14,October,2011
1501,2013-05-30,30,May,2013
1502,2015-05-30,30,May,2015
1503,2013-05-17,17,May,2013
1504,2015-05-17,17,May,2015
1505,2012-07-23,23,July,2012
1506,2011-07-23,23,July,2011
1507,2013-04-17,17,April,2013
1508,2015-04-17,17,April,2015
1509,2012-12-25,25,December,2012
1510,2011-12-25,25,December,2011
1511,2012-10-08,8,October,2012
1512,2011-10-08,8,October,2011
1513,2013-06-03,3,June,2013
1514,2015-06-03,3,June,2015
1515,2012-07-28,28,July,2012
1516,2011-07-28,28,July,2011
1517,2012-11-06,6,November,2012
1518,2011-11-06,6,November,2011
1519,2012-03-12,12,March,2012
1520,2011-03-12,12,March,2011
1521,2012-03-31,31,March,2012
1522,2011-03-31,31,March,2011
1523,2013-05-15,15,May,2013
1524,2015-05-15,15,May,2015
1525,2013-05-03,3,May,2013
1526,2015-05-03,3,May,2015
1527,2012-10-22,22,October,2012
1528,2011-10-22,22,October,2011
1529,2012-02-28,28,February,2012
1530,2011-02-28,28,February,2011
1531,2012-05-14,14,May,2012
1532,2011-05-14,14,May,2011
1533,2013-01-01,1,January,2013
1534,2015-01-01,1,January,2015
1535,2013-05-16,16,May,2013
1536,2015-05-16,16,May,2015
1537,2013-03-15,15,March,2013
1538,2015-03-15,15,March,2015
1539,2012-03-02,2,March,2012
1540,2011-03-02,2,March,2011
1541,2012-02-07,7,February,2012
1542,2011-02-07,7,February,2011
1543,2013-05-25,25,May,2013
1544,2015-05-25,25,May,2015
1545,2012-10-15,15,October,2012
1546,2011-10-15,15,October,2011
1547,2012-08-23,23,August,2012
1548,2011-08-23,23,August,2011
1549,2012-08-12,12,August,2012
1550,2011-08-12,12,August,2011
1551,2013-05-29,29,May,2013
1552,2015-05-29,29,May,2015
1553,2012-03-23,23,March,2012
1554,2011-03-23,23,March,2011
1555,2012-05-28,28,May,2012
1556,2011-05-28,28,May,2011
1557,2012-11-03,3,November,2012
1558,2011-11-03,3,November,2011
1559,2012-04-11,11,April,2012
1560,2011-04-11,11,April,2011
1561,2012-07-19,19,July,2012
1562,2011-07-19,19,July,2011
1563,2012-04-06,6,April,2012
1564,2011-04-06,6,April,2011
1565,2012-04-10,10,April,2012
1566,2011-04-10,10,April,2011
1567,2012-04-19,19,April,2012
1568,2011-04-19,19,April,2011
1569,2012-01-10,10,January,2012
1570,2011-01-10,10,January,2011
1571,2013-06-01,1,June,2013
1572,2015-06-01,1,June,2015
1573,2012-05-10,10,May,2012
1574,2011-05-10,10,May,2011
1575,2013-02-26,26,February,2013
1576,2015-02-26,26,February,2015
1577,2013-04-03,3,April,2013
1578,2015-04-03,3,April,2015
1579,2013-04-06,6,April,2013
1580,2015-04-06,6,April,2015
1581,2012-06-13,13,June,2012
1582,2011-06-13,13,June,2011
1583,2013-03-24,24,March,2013
1584,2015-03-24,24,March,2015
1585,2012-03-03,3,March,2012
1586,2011-03-03,3,March,2011
1587,2012-03-04,4,March,2012
1588,2011-03-04,4,March,2011
1589,2012-12-04,4,December,2012
1590,2011-12-04,4,December,2011
1591,2012-11-22,22,November,2012
1592,2011-11-22,22,November,2011
1593,2013-03-21,21,March,2013
1594,2015-03-21,21,March,2015
1595,2012-05-09,9,May,2012
1596,2011-05-09,9,May,2011
1597,2012-08-25,25,August,2012
1598,2011-08-25,25,August,2011
1599,2012-06-02,2,June,2012
1600,2011-06-02,2,June,2011
1601,2012-06-25,25,June,2012
1602,2011-06-25,25,June,2011
1603,2012-12-01,1,December,2012
1604,2011-12-01,1,December,2011
1605,2012-02-26,26,February,2012
1606,2011-02-26,26,February,2011
1607,2012-06-24,24,June,2012
1608,2011-06-24,24,June,2011
1609,2012-03-14,14,March,2012
1610,2011-03-14,14,March,2011
1611,2012-06-19,19,June,2012
1612,2011-06-19,19,June,2011
1613,2012-02-10,10,February,2012
1614,2011-02-10,10,February,2011
1615,2012-05-31,31,May,2012
1616,2011-05-31,31,May,2011
1617,2012-10-12,12,October,2012
1618,2011-10-12,12,October,2011
1619,2012-05-30,30,May,2012
1620,2011-05-30,30,May,2011
1621,2013-01-04,4,January,2013
1622,2015-01-04,4,January,2015
1623,2012-04-02,2,April,2012
1624,2011-04-02,2,April,2011
1625,2012-01-06,6,January,2012
1626,2011-01-06,6,January,2011
1627,2013-06-16,16,June,2013
1628,2015-06-16,16,June,2015
1629,2012-02-12,12,February,2012
1630,2011-02-12,12,February,2011
1631,2012-06-22,22,June,2012
1632,2011-06-22,22,June,2011
1633,2012-02-06,6,February,2012
1634,2011-02-06,6,February,2011
1635,2012-05-18,18,May,2012
1636,2011-05-18,18,May,2011
1637,2012-06-28,28,June,2012
1638,2011-06-28,28,June,2011
1639,2013-04-19,19,April,2013
1640,2015-04-19,19,April,2015
1641,2012-01-24,24,January,2012
1642,2011-01-24,24,January,2011
1643,2012-05-21,21,May,2012
1644,2011-05-21,21,May,2011
1645,2012-02-16,16,February,2012
1646,2011-02-16,16,February,2011
1647,2012-03-26,26,March,2012
1648,2011-03-26,26,March,2011
1649,2012-08-08,8,August,2012
1650,2011-08-08,8,August,2011
1651,2012-08-16,16,August,2012
1652,2011-08-16,16,August,2011
1653,2013-04-23,23,April,2013
1654,2015-04-23,23,April,2015
1655,2012-08-02,2,August,2012
1656,2011-08-02,2,August,2011
1657,2012-09-21,21,September,2012
1658,2011-09-21,21,September,2011
1659,2012-10-17,17,October,2012
1660,2011-10-17,17,October,2011
1661,2013-01-25,25,January,2013
1662,2015-01-25,25,January,2015
1663,2012-11-18,18,November,2012
1664,2011-11-18,18,November,2011
1665,2012-09-23,23,September,2012
1666,2011-09-23,23,September,2011
1667,2012-10-05,5,October,2012
1668,2011-10-05,5,October,2011
1669,2012-09-27,27,September,2012
1670,2011-09-27,27,September,2011
1671,2012-11-07,7,November,2012
1672,2011-11-07,7,November,2011
1673,2012-11-15,15,November,2012
1674,2011-11-15,15,November,2011
1675,2013-01-27,27,January,2013
1676,2015-01-27,27,January,2015
1677,2012-11-23,23,November,2012
1678,2011-11-23,23,November,2011
1679,2012-08-15,15,August,2012
1680,2011-08-15,15,August,2011
1681,2012-09-10,10,September,2012
1682,2011-09-10,10,September,2011
1683,2012-09-28,28,September,2012
1684,2011-09-28,28,September,2011
1685,2012-09-01,1,September,2012
1686,2011-09-01,1,September,2011
1687,2012-11-13,13,November,2012
1688,2011-11-13,13,November,2011
1689,2012-12-15,15,December,2012
1690,2011-12-15,15,December,2011
1691,2012-02-03,3,February,2012
1692,2011-02-03,3,February,2011
1693,2012-05-22,22,May,2012
1694,2011-05-22,22,May,2011
1695,2012-05-12,12,May,2012
1696,2011-05-12,12,May,2011
1697,2012-08-20,20,August,2012
1698,2011-08-20,20,August,2011
1699,2012-08-11,11,August,2012
1700,2011-08-11,11,August,2011
1701,2012-09-04,4,September,2012
1702,2011-09-04,4,September,2011
1703,2012-10-09,9,October,2012
1704,2011-10-09,9,October,2011
1705,2012-11-29,29,November,2012
1706,2011-11-29,29,November,2011
1707,2012-08-28,28,August,2012
1708,2011-08-28,28,August,2011
1709,2013-03-06,6,March,2013
1710,2015-03-06,6,March,2015
1711,2012-02-14,14,February,2012
1712,2011-02-14,14,February,2011
1713,2012-03-18,18,March,2012
1714,2011-03-18,18,March,2011
1715,2012-03-28,28,March,2012
1716,2011-03-28,28,March,2011
1717,2012-03-09,9,March,2012
1718,2011-03-09,9,March,2011
1719,2012-03-27,27,March,2012
1720,2011-03-27,27,March,2011
1721,2012-05-01,1,May,2012
1722,2011-05-01,1,May,2011
1723,2012-05-02,2,May,2012
1724,2011-05-02,2,May,2011
1725,2012-05-15,15,May,2012
1726,2011-05-15,15,May,2011
1727,2012-05-26,26,May,2012
1728,2011-05-26,26,May,2011
1729,2012-07-22,22,July,2012
1730,2011-07-22,22,July,2011
1731,2012-09-02,2,September,2012
1732,2011-09-02,2,September,2011
1733,2012-06-01,1,June,2012
1734,2011-06-01,1,June,2011
1735,2012-01-12,12,January,2012
1736,2011-01-12,12,January,2011
1737,2012-02-27,27,February,2012
1738,2011-02-27,27,February,2011
1739,2012-02-02,2,February,2012
1740,2011-02-02,2,February,2011
1741,2012-02-24,24,February,2012
1742,2011-02-24,24,February,2011
1743,2012-02-18,18,February,2012
1744,2011-02-18,18,February,2011
1745,2012-04-14,14,April,2012
1746,2011-04-14,14,April,2011
1747,2013-05-18,18,May,2013
1748,2015-05-18,18,May,2015
1749,2012-05-29,29,May,2012
1750,2011-05-29,29,May,2011
1751,2012-07-10,10,July,2012
1752,2011-07-10,10,July,2011
1753,2012-02-15,15,February,2012
1754,2011-02-15,15,February,2011
1755,2012-08-03,3,August,2012
1756,2011-08-03,3,August,2011
1757,2012-11-04,4,November,2012
1758,2011-11-04,4,November,2011
1759,2012-01-30,30,January,2012
1760,2011-01-30,30,January,2011
1761,2012-07-24,24,July,2012
1762,2011-07-24,24,July,2011
1763,2012-11-01,1,November,2012
1764,2011-11-01,1,November,2011
1765,2012-07-15,15,July,2012
1766,2011-07-15,15,July,2011
1767,2012-04-09,9,April,2012
1768,2011-04-09,9,April,2011
1769,2012-01-23,23,January,2012
1770,2011-01-23,23,January,2011
1771,2012-04-26,26,April,2012
1772,2011-04-26,26,April,2011
1773,2012-11-27,27,November,2012
1774,2011-11-27,27,November,2011
1775,2012-09-19,19,September,2012
1776,2011-09-19,19,September,2011
1777,2012-10-28,28,October,2012
1778,2011-10-28,28,October,2011
1779,2012-10-31,31,October,2012
1780,2011-10-31,31,October,2011
1781,2012-02-09,9,February,2012
1782,2011-02-09,9,February,2011
1783,2012-02-04,4,February,2012
1784,2011-02-04,4,February,2011
1785,2012-02-17,17,February,2012
1786,2011-02-17,17,February,2011
1787,2012-07-29,29,July,2012
1788,2011-07-29,29,July,2011
1789,2012-05-03,3,May,2012
1790,2011-05-03,3,May,2011
1791,2013-04-21,21,April,2013
1792,2015-04-21,21,April,2015
1793,2013-04-22,22,April,2013
1794,2015-04-22,22,April,2015
1795,2012-09-05,5,September,2012
1796,2011-09-05,5,September,2011
1797,2012-01-05,5,January,2012
1798,2011-01-05,5,January,2011
1799,2012-01-25,25,January,2012
1800,2011-01-25,25,January,2011
1801,2012-04-01,1,April,2012
1802,2011-04-01,1,April,2011
1803,2012-01-20,20,January,2012
1804,2011-01-20,20,January,2011
1805,2012-04-08,8,April,2012
1806,2011-04-08,8,April,2011
1807,2012-03-30,30,March,2012
1808,2011-03-30,30,March,2011
1809,2012-04-28,28,April,2012
1810,2011-04-28,28,April,2011
1811,2012-09-17,17,September,2012
1812,2011-09-17,17,September,2011
1813,2012-04-18,18,April,2012
1814,2011-04-18,18,April,2011
1815,2013-02-23,23,February,2013
1816,2015-02-23,23,February,2015
1817,2012-09-07,7,September,2012
1818,2011-09-07,7,September,2011
1819,2012-06-15,15,June,2012
1820,2011-06-15,15,June,2011
1821,2012-02-01,1,February,2012
1822,2011-02-01,1,February,2011
1823,2012-02-25,25,February,2012
1824,2011-02-25,25,February,2011
1825,2013-04-29,29,April,2013
1826,2015-04-29,29,April,2015
1827,2012-09-30,30,September,2012
1828,2011-09-30,30,September,2011
1829,2012-09-25,25,September,2012
1830,2011-09-25,25,September,2011
1831,2013-02-27,27,February,2013
1832,2015-02-27,27,February,2015
1833,2012-03-16,16,March,2012
1834,2011-03-16,16,March,2011
1835,2012-02-19,19,February,2012
1836,2011-02-19,19,February,2011
1837,2012-01-19,19,January,2012
1838,2011-01-19,19,January,2011
1839,2012-03-21,21,March,2012
1840,2011-03-21,21,March,2011
1841,2012-09-22,22,September,2012
1842,2011-09-22,22,September,2011
1843,2012-01-18,18,January,2012
1844,2011-01-18,18,January,2011
1845,2012-02-11,11,February,2012
1846,2011-02-11,11,February,2011
1847,2012-11-12,12,November,2012
1848,2011-11-12,12,November,2011
1849,2012-03-05,5,March,2012
1850,2011-03-05,5,March,2011
1851,2012-07-02,2,July,2012
1852,2011-07-02,2,July,2011
1853,2012-03-19,19,March,2012
1854,2011-03-19,19,March,2011
1855,2012-02-21,21,February,2012
1856,2011-02-21,21,February,2011
1857,2012-01-09,9,January,2012
1858,2011-01-09,9,January,2011
1859,2012-01-02,2,January,2012
1860,2011-01-02,2,January,2011
1861,2013-01-29,29,January,2013
1862,2015-01-29,29,January,2015
1863,2012-02-23,23,February,2012
1864,2011-02-23,23,February,2011
1865,2012-11-05,5,November,2012
1866,2011-11-05,5,November,2011
1867,2012-03-10,10,March,2012
1868,2011-03-10,10,March,2011
1869,2012-06-16,16,June,2012
1870,2011-06-16,16,June,2011
1871,2012-06-17,17,June,2012
1872,2011-06-17,17,June,2011
1873,2012-01-13,13,January,2012
1874,2011-01-13,13,January,2011
1875,2012-09-06,6,September,2012
1876,2011-09-06,6,September,2011
1877,2012-01-07,7,January,2012
1878,2011-01-07,7,January,2011
1879,2012-10-27,27,October,2012
1880,2011-10-27,27,October,2011
1881,2013-01-06,6,January,2013
1882,2015-01-06,6,January,2015
1883,2012-02-20,20,February,2012
1884,2011-02-20,20,February,2011